City_ID,City,Lat,Lng,Max Temp,Humidity,Cloudiness,Wind Speed,Country,Date
0,grytviken,-54.2811,-36.5092,24.8,79,21,9.46,GS,1691521344
1,porto novo,6.4965,2.6036,78.62,85,12,9.33,BJ,1691521349
2,lihue,21.9789,-159.3672,81.99,72,100,21.85,US,1691521349
3,mubende,0.5606,31.39,67.78,64,68,1.54,UG,1691521349
4,chibougamau,49.9168,-74.3659,60.42,88,100,8.05,CA,1691521349
5,tshikapa,-6.4167,20.8,87.78,26,100,2.39,CD,1691521350
6,coquimbo,-29.9533,-71.3436,62.33,72,75,14.97,CL,1691521245
7,blackmans bay,-43.0167,147.3167,37.53,93,86,6.08,AU,1691521350
8,georgetown,5.4112,100.3354,79.95,89,20,3.44,MY,1691521349
9,lompoc,34.6391,-120.4579,82.54,76,75,6.91,US,1691521350
10,anloga,5.7947,0.8973,77.0,89,10,13.53,GH,1691521350
11,port douglas,-16.4833,145.4667,67.64,81,100,12.08,AU,1691521350
12,chifeng,42.2683,118.9636,65.34,94,8,4.36,CN,1691521351
13,port-aux-francais,-49.35,70.2167,33.06,75,99,26.11,TF,1691521351
14,vedasandur,10.5333,77.95,80.83,68,100,5.91,IN,1691521351
15,hawaiian paradise park,19.5933,-154.9731,81.9,81,93,11.25,US,1691521298
16,katima mulilo,-17.5,24.2667,64.53,32,0,6.2,NA,1691521352
17,edinburgh of the seven seas,-37.0676,-12.3116,55.11,90,100,27.69,SH,1691521352
18,ola,59.5833,151.2833,47.77,67,7,7.43,RU,1691521352
19,adamstown,-25.066,-130.1015,71.82,90,91,30.71,PN,1691521352
20,albany,42.6001,-73.9662,79.03,76,64,1.01,US,1691521138
21,tazovsky,67.4667,78.7,53.02,92,100,9.15,RU,1691521353
22,mandan,46.8267,-100.8896,83.8,51,0,12.66,US,1691521194
23,polonnaruwa,7.9333,81.0,80.85,63,100,10.04,LK,1691521353
24,buldana,20.5333,76.1833,72.14,84,100,10.92,IN,1691521353
25,guelmim,28.987,-10.0574,79.14,65,75,6.91,MA,1691521353
26,iskateley,67.6803,53.1512,51.22,70,100,5.17,RU,1691521354
27,whitehorse,60.7161,-135.0538,60.82,92,100,9.22,CA,1691521354
28,inarajan village,13.2736,144.7484,79.39,97,100,14.09,GU,1691521354
29,bethel,41.3712,-73.414,80.91,73,100,11.5,US,1691521142
30,lebu,-37.6167,-73.65,56.5,63,100,6.91,CL,1691521354
31,qa'en,33.7265,59.1844,75.67,26,0,18.03,IR,1691521355
32,vadso,70.0744,29.7487,76.08,83,0,5.75,NO,1691521355
33,hermanus,-34.4187,19.2345,52.81,79,1,11.43,ZA,1691521355
34,paris,48.8534,2.3488,72.37,57,0,8.05,FR,1691521152
35,cayeli,41.0923,40.7292,78.69,88,56,3.62,TR,1691521355
36,leh,34.1667,77.5833,66.69,25,7,4.36,IN,1691521229
37,korla,41.7597,86.1469,78.93,39,0,5.06,CN,1691521355
38,kavaratti,10.5669,72.642,82.26,76,100,14.47,IN,1691521356
39,mejit,10.2753,170.8646,82.33,75,100,14.61,MH,1691521356
40,bredasdorp,-34.5322,20.0403,49.69,87,0,3.91,ZA,1691521356
41,kirensk,57.7853,108.1119,62.74,78,48,1.59,RU,1691521356
42,olonkinbyen,70.9221,-8.7187,40.53,90,100,13.69,SJ,1691521356
43,hithadhoo,-0.6,73.0833,81.79,74,99,5.5,MV,1691521356
44,margaret river,-33.95,115.0667,52.95,59,5,10.22,AU,1691521356
45,crane,31.3974,-102.3501,97.7,25,100,5.7,US,1691521357
46,papatowai,-46.5619,169.4708,41.41,92,100,15.26,NZ,1691521357
47,waitangi,-43.9535,-176.5597,46.81,96,100,1.01,NZ,1691521357
48,shimoda,34.6667,138.95,78.1,89,85,6.69,JP,1691521357
49,nemuro,43.3236,145.575,64.11,100,100,10.09,JP,1691521357
50,nuuk,64.1835,-51.7216,48.81,76,20,5.99,GL,1691521357
51,yellowknife,62.456,-114.3525,66.72,55,20,15.01,CA,1691521287
52,damboa,11.156,12.7576,78.8,71,80,3.47,NG,1691521357
53,berezovyy,51.6667,135.7,57.58,79,100,4.0,RU,1691521358
54,isafjordur,66.0755,-23.124,55.44,58,0,5.75,IS,1691521358
55,punta arenas,-53.15,-70.9167,37.49,79,71,5.68,CL,1691521238
56,wickenburg,33.9686,-112.7296,98.19,35,5,13.11,US,1691521358
57,kalaleh,37.3807,55.4916,82.0,61,0,6.91,IR,1691521358
58,mayahi,13.9553,7.6712,81.88,61,56,7.7,NE,1691521358
59,west island,-12.1568,96.8225,78.78,78,40,11.5,CC,1691521359
60,pasuquin,18.3328,120.6177,82.35,94,75,8.05,PH,1691521359
61,dudinka,69.4058,86.1778,61.63,68,43,1.34,RU,1691521359
62,international falls,48.6011,-93.411,77.18,57,20,1.01,US,1691521359
63,lagunas,-5.2269,-75.6753,92.26,47,99,2.15,PE,1691521359
64,puerto natales,-51.7236,-72.4875,36.03,88,100,1.7,CL,1691521295
65,tralee,52.2704,-9.7026,61.3,93,100,1.32,IE,1691521359
66,bamiantong,44.9333,130.5333,65.34,94,87,2.57,CN,1691521359
67,mount pleasant,32.7941,-79.8626,95.0,63,75,13.8,US,1691521360
68,ribeira grande,38.5167,-28.7,75.78,83,75,15.01,PT,1691521360
69,malindi,-3.2175,40.1191,77.16,78,20,11.5,KE,1691521360
70,aasiaat,68.7098,-52.8699,39.65,70,19,4.16,GL,1691521360
71,grand-bassam,5.2118,-3.7388,78.76,89,96,11.83,CI,1691521360
72,yelizovo,53.1873,158.3805,48.34,93,20,7.0,RU,1691521360
73,anadyr,64.75,177.4833,48.7,93,40,6.71,RU,1691521360
74,villanueva,15.3167,-88.0,94.03,55,40,13.8,HN,1691521361
75,remire-montjoly,4.9167,-52.2667,89.64,66,20,12.66,GF,1691521361
76,pionerskiy,54.9508,20.2275,57.04,80,100,20.31,RU,1691521361
77,tiksi,71.6872,128.8694,50.79,70,9,2.42,RU,1691521361
78,carnarvon,-24.8667,113.6333,64.56,86,4,15.79,AU,1691521361
79,polyarnyy,69.1989,33.4478,67.26,76,0,9.95,RU,1691521362
80,vuktyl,63.8567,57.3094,55.45,74,99,5.48,RU,1691521362
81,goderich,43.7501,-81.7165,70.12,73,100,11.5,CA,1691521362
82,stanley,54.868,-1.6985,61.05,59,20,12.66,GB,1691521362
83,wailua homesteads,22.0669,-159.378,81.39,75,100,21.85,US,1691521362
84,mirnyy,62.5353,113.9611,64.24,59,67,1.99,RU,1691521362
85,akrehamn,59.2667,5.1833,52.41,87,75,32.21,NO,1691521363
86,marion,39.7684,-86.1555,82.72,58,75,10.36,US,1691521363
87,keflavik,64.0049,-22.5624,57.11,76,75,9.22,IS,1691521209
88,ilulissat,69.2167,-51.1,50.02,57,40,4.61,GL,1691521343
89,nova sintra,14.8667,-24.7167,72.86,74,25,16.04,CV,1691521363
90,hamilton,39.1834,-84.5333,84.25,56,40,6.91,US,1691521363
91,linxia chengguanzhen,35.6003,103.2064,67.28,87,100,2.91,CN,1691521363
92,holualoa,19.6228,-155.9522,82.54,62,10,5.01,US,1691521364
93,mandera,3.9366,41.867,86.43,37,81,21.07,KE,1691521364
94,conceicao da barra,-18.5933,-39.7322,77.58,69,0,8.43,BR,1691521364
95,vorgashor,67.5833,63.95,49.8,77,100,8.72,RU,1691521364
96,montego bay,18.4712,-77.9188,89.4,74,20,16.11,JM,1691521364
97,sint michiel liber,12.15,-68.9833,89.42,74,20,13.8,CW,1691521364
98,san patricio,28.017,-97.5169,101.12,34,0,16.8,US,1691521365
99,taro,-8.3862,115.28,69.85,91,69,0.65,ID,1691521365
100,manadhoo,5.7667,73.3833,82.0,78,100,11.21,MV,1691521365
101,lorengau,-2.0226,147.2712,79.83,83,92,12.01,PG,1691521366
102,narasapur,16.45,81.6667,81.48,75,100,3.56,IN,1691521366
103,tanabe,33.7333,135.3667,80.53,87,99,12.39,JP,1691521366
104,bubaque,11.2833,-15.8333,81.93,85,41,11.16,GW,1691521366
105,mount pearl,47.5166,-52.7813,61.32,80,100,14.97,CA,1691521366
106,kununurra,-15.7667,128.7333,67.98,42,40,6.91,AU,1691521366
107,vila velha,-20.3297,-40.2925,76.95,84,40,20.71,BR,1691521366
108,nushki,29.5542,66.0215,89.87,13,0,3.94,PK,1691521366
109,hede,33.7681,120.2517,73.67,97,57,5.7,CN,1691521366
110,thompson,55.7435,-97.8558,53.76,87,100,8.05,CA,1691521366
111,katsuren-haebaru,26.3369,127.8719,80.62,100,79,17.67,JP,1691521367
112,vel'sk,61.0701,42.0983,59.18,81,0,4.79,RU,1691521367
113,albacete,38.8333,-2.0,94.19,37,0,8.05,ES,1691521367
114,colonia,50.9333,6.95,65.97,66,20,10.36,DE,1691521243
115,talnakh,69.4865,88.3972,61.21,65,76,1.25,RU,1691521367
116,addiet canna,11.2667,37.4833,58.44,93,99,4.25,ET,1691521367
117,labuan,5.2767,115.2417,75.56,94,20,0.0,MY,1691521367
118,nadi,-17.8,177.4167,71.6,88,75,5.75,FJ,1691521367
119,usinsk,65.9939,57.5281,55.08,76,100,10.2,RU,1691521367
120,east london,-33.0153,27.9116,59.94,82,75,8.05,ZA,1691521367
121,kani keli,-12.9536,45.1033,76.26,71,0,8.99,YT,1691521368
122,namibe,-15.1961,12.1522,64.87,85,97,5.88,AO,1691521368
123,monte carmelo,-18.7247,-47.4986,87.46,16,0,7.61,BR,1691521368
124,ushuaia,-54.8,-68.3,38.86,81,75,8.05,AR,1691521296
125,le vauclin,14.5452,-60.8388,89.65,66,75,13.8,MQ,1691521368
126,okhotsk,59.3833,143.3,52.38,70,17,6.6,RU,1691521368
127,petawawa,45.9001,-77.3328,67.59,84,100,11.5,CA,1691521368
128,tazacorte,28.629,-17.9293,76.17,84,20,5.01,ES,1691521369
129,tahe,52.3333,124.7333,58.98,76,100,1.12,CN,1691521369
130,vicuna,-30.0319,-70.7081,80.76,33,97,6.4,CL,1691521274
131,teshi old town,5.5836,-0.1072,77.56,88,75,16.11,GH,1691521369
132,kourou,5.1552,-52.6478,89.65,73,86,10.04,GF,1691521207
133,hadibu,12.65,54.0333,78.48,77,99,18.21,YE,1691521365
134,udachny,66.4167,112.4,62.46,58,27,4.97,RU,1691521369
135,jamestown,42.097,-79.2353,74.52,65,75,19.57,US,1691521271
136,luanda,-8.8368,13.2343,73.4,78,0,10.36,AO,1691521212
137,altai,46.3722,96.2583,67.08,38,100,13.4,MN,1691521370
138,yazd,31.8972,54.3675,93.31,16,20,6.91,IR,1691521206
139,puerto ayora,-0.7393,-90.3518,85.96,85,58,7.0,EC,1691521370
140,klyuchi,52.2667,79.1667,67.21,43,75,1.97,RU,1691521370
141,vilyuchinsk,52.9306,158.4028,48.47,64,31,7.76,RU,1691521370
142,san antonio de pale,-1.4014,5.6325,74.53,78,0,11.14,GQ,1691521370
143,nouadhibou,20.931,-17.0347,73.38,83,0,18.41,MR,1691521371
144,portland,45.5234,-122.6762,80.53,60,40,3.44,US,1691521095
145,sanga-sanga,5.0725,119.7853,82.6,75,14,7.99,PH,1691521371
146,papao,-17.75,-149.55,80.28,81,100,8.57,PF,1691521371
147,cobija,-11.0267,-68.7692,98.58,28,75,3.51,BO,1691521371
148,nguigmi,14.2495,13.1092,87.3,53,96,5.88,NE,1691521371
149,saldanha,-33.0117,17.9442,53.65,81,0,17.09,ZA,1691521371
150,petropavlovsk-kamchatsky,53.0452,158.6483,46.99,93,20,6.71,RU,1691521351
151,kodiak,57.79,-152.4072,54.91,88,20,3.44,US,1691521373
152,pathein,16.7833,94.7333,78.15,90,100,10.45,MM,1691521373
153,iqaluit,63.7506,-68.5145,44.33,81,40,10.36,CA,1691521288
154,bechar,31.6167,-2.2167,104.32,10,33,6.91,DZ,1691521373
155,sos'va,59.1766,61.8558,61.36,77,100,5.08,RU,1691521373
156,baki,-7.6128,110.7839,70.54,87,3,4.34,ID,1691521374
157,avarua,-21.2078,-159.775,68.05,83,29,2.3,CK,1691521374
158,sinjar,36.3209,41.8754,98.74,21,0,14.97,IQ,1691521103
159,ta`u,-14.2336,-169.5144,80.73,74,100,12.01,AS,1691521374
160,ascension,30.2169,-90.9001,99.16,66,75,9.22,US,1691521374
161,jiaojiang,28.6803,121.4428,82.0,92,69,3.31,CN,1691521374
162,port isabel,26.0734,-97.2086,98.69,56,40,16.11,US,1691521374
163,la passe,45.5549,-0.8967,77.23,58,34,9.51,FR,1691521374
164,invercargill,-46.4,168.35,41.02,96,100,1.99,NZ,1691521350
165,cochrane,51.1834,-114.4687,74.91,55,100,6.26,CA,1691521299
166,kisangani,0.5167,25.2,72.25,94,97,1.66,CD,1691521374
167,st. john's,47.5649,-52.7093,62.15,80,100,14.97,CA,1691521375
168,prieska,-29.6641,22.7474,63.9,18,0,5.73,ZA,1691521375
169,mil'kovo,55.6078,37.7956,72.91,76,62,8.19,RU,1691521375
170,ulladulla,-35.35,150.4667,48.09,90,2,4.09,AU,1691521375
171,cuajinicuilapa,16.4667,-98.4167,95.05,47,4,8.03,MX,1691521376
172,basco,20.4487,121.9702,82.76,85,100,24.43,PH,1691521376
173,ocosingo,17.0667,-92.25,86.34,36,0,4.94,MX,1691521376
174,carbonear,47.7332,-53.2148,62.6,78,100,11.5,CA,1691521376
175,luderitz,-26.6481,15.1594,63.5,62,0,17.6,NA,1691521347
176,loughrea,53.1969,-8.5669,60.75,85,97,2.66,IE,1691521076
177,queenstown,-31.8976,26.8753,51.19,76,100,6.2,ZA,1691521376
178,fale old settlement,-9.3852,-171.2468,82.44,71,90,11.68,TK,1691521376
179,franca,-20.5386,-47.4008,84.76,20,0,6.04,BR,1691521376
180,codrington,-38.2667,141.9667,42.6,84,89,11.45,AU,1691521376
181,kijang,35.2442,129.2139,78.53,89,100,20.15,KR,1691521377
182,bojnurd,37.4747,57.329,78.75,44,20,4.61,IR,1691521377
183,saipan,15.1355,145.701,79.65,100,100,7.96,MP,1691521351
184,cortland,42.6001,-76.083,65.68,89,100,8.05,US,1691521377
185,sandnessjoen,66.0217,12.6316,72.12,49,40,12.66,NO,1691521377
186,saint-pierre,-21.3393,55.4781,67.68,77,0,5.75,RE,1691521377
187,sake,-1.5736,29.045,67.05,66,93,1.07,CD,1691521377
188,kuta,-8.7233,115.1723,77.0,88,40,10.36,ID,1691521229
189,adra,36.7496,-3.0206,91.38,76,44,3.91,ES,1691521377
190,chapaev,50.2,51.1667,80.1,37,24,6.67,KZ,1691521378
191,monrovia,6.3005,-10.7969,78.57,88,92,12.1,LR,1691521378
192,salalah,17.0151,54.0924,80.69,89,100,8.05,OM,1691521378
193,pisco,-13.7,-76.2167,69.85,73,0,11.5,PE,1691521357
194,kuala tungkal,-0.8167,103.4667,76.48,90,68,6.51,ID,1691521378
195,port elizabeth,-33.918,25.5701,60.1,94,40,12.66,ZA,1691521230
196,castillos,-34.1667,-53.8333,56.37,60,8,10.31,UY,1691521378
197,college,64.8569,-147.8028,70.2,78,75,1.01,US,1691521378
198,acarau,-2.8856,-40.12,84.61,64,13,20.22,BR,1691521378
199,howard springs,-12.497,131.047,73.31,54,84,7.56,AU,1691521379
200,midvagur,62.0511,-7.1939,47.23,81,75,23.02,FO,1691521284
201,santa terezinha,-29.9002,-50.0904,61.9,66,100,15.14,BR,1691521379
202,knyaze-volkonskoye,48.4642,135.4567,66.54,84,98,5.84,RU,1691521379
203,aykhal,66.0,111.5,58.23,68,17,6.78,RU,1691521380
204,kiffa,16.6166,-11.4045,100.4,18,6,10.47,MR,1691521380
205,minas de marcona,-15.2119,-75.1103,64.85,59,3,14.27,PE,1691521380
206,bathsheba,13.2167,-59.5167,86.61,79,40,11.5,BB,1691521102
207,bel ombre,-4.6167,55.4167,78.64,83,20,6.91,SC,1691521380
208,bac lieu,9.285,105.7244,79.72,85,0,8.66,VN,1691521380
209,port alfred,-33.5906,26.891,58.17,96,89,5.01,ZA,1691521381
210,cockburn town,21.4612,-71.1419,83.89,85,76,18.01,TC,1691521381
211,arkhangel'sk,64.5401,40.5433,60.24,84,5,5.44,RU,1691521381
212,tomatlan,19.9333,-105.25,93.88,55,0,7.87,MX,1691521383
213,altay,47.8667,88.1167,62.56,87,100,2.51,CN,1691521390
214,mount isa,-20.7333,139.5,49.77,76,5,2.3,AU,1691521286
215,walvis bay,-22.9575,14.5053,67.15,55,0,1.14,NA,1691521390
216,kittila,67.6647,24.8936,75.34,73,0,11.5,FI,1691521391
217,moses lake,47.1301,-119.2781,80.89,53,0,6.91,US,1691521361
218,newman,37.3138,-121.0208,91.06,17,0,6.29,US,1691521401
219,smithers,54.7804,-127.1743,64.72,72,75,5.75,CA,1691521401
220,revelstoke,50.9832,-118.2023,64.42,88,75,0.0,CA,1691521401
221,grants,35.1473,-107.8514,84.43,23,0,13.8,US,1691521402
222,upanema,-5.6419,-37.2578,91.08,41,53,16.78,BR,1691521402
223,jessore,23.1687,89.2132,78.39,90,100,6.31,BD,1691521255
224,ekibastuz,51.6667,75.3667,71.73,42,27,7.76,KZ,1691521405
225,monduli,-3.3,36.45,60.58,74,93,7.23,TZ,1691521405
226,sao joao da barra,-21.6403,-41.0511,77.09,74,31,20.49,BR,1691521398
227,tsiombe,-25.3,45.4833,68.67,83,1,11.95,MG,1691521406
228,ebon,4.582,168.6964,80.02,80,100,7.14,MH,1691521406
229,joetsu,37.1483,138.2364,85.1,68,100,9.51,JP,1691521406
230,salinopolis,-0.6136,-47.3561,81.57,81,36,14.2,BR,1691521406
231,manismata,-2.4667,111.0333,71.82,93,92,3.02,ID,1691521406
232,nar'yan-mar,67.6713,53.087,51.39,70,100,5.01,RU,1691521407
233,island harbour,50.724,-1.2758,65.16,92,100,3.0,GB,1691521407
234,opuwo,-18.0607,13.84,66.72,26,5,2.35,NA,1691521407
235,kristiansund,63.1115,7.732,57.25,94,75,3.44,NO,1691521407
236,vernon,50.2581,-119.2691,82.29,34,100,2.3,CA,1691521357
237,ghogha,21.6833,72.2833,82.08,77,100,14.83,IN,1691521407
238,longyearbyen,78.2186,15.6401,48.04,71,0,14.97,SJ,1691521408
239,ancud,-41.8697,-73.8203,49.32,96,100,9.48,CL,1691521248
240,bizerte,37.2744,9.8739,77.0,57,0,9.22,TN,1691521408
241,sal rei,16.1833,-22.9167,82.6,57,20,12.66,CV,1691521408
242,constantia,44.1833,28.65,65.08,63,26,11.9,RO,1691521357
243,tura,25.5198,90.2201,74.59,99,100,5.57,IN,1691521408
244,oranjemund,-28.55,16.4333,55.74,89,2,16.15,NA,1691521408
245,andergrove,-21.0833,149.1833,63.57,83,2,13.87,AU,1691521409
246,ugoofaaru,5.6667,73.0,81.97,78,100,11.56,MV,1691521409
247,ube,33.9431,131.2511,85.95,71,100,23.15,JP,1691521409
248,lerwick,60.1545,-1.1494,50.0,77,100,29.95,GB,1691521409
249,sisimiut,66.9395,-53.6735,48.02,59,10,5.68,GL,1691521355
250,aksu,41.1231,80.2644,80.4,34,0,3.36,CN,1691521409
251,tannum sands,-23.9504,151.3693,59.76,77,5,4.61,AU,1691521409
252,jackson,42.4165,-122.8345,86.76,42,56,1.99,US,1691521238
253,tromso,69.6496,18.957,73.42,64,0,6.91,NO,1691521400
254,mon,26.75,95.1,72.77,99,100,1.88,IN,1691521410
255,mar del plata,-38.0023,-57.5575,51.82,78,0,14.97,AR,1691521209
256,rongelap,11.1635,166.8941,82.87,74,14,14.7,MH,1691521410
257,mili,6.0815,171.735,82.36,75,100,10.67,MH,1691521410
258,shache,38.4167,77.2406,81.72,21,0,6.64,CN,1691521411
259,presque isle,46.6811,-68.0159,61.23,83,100,9.22,US,1691521411
260,raduzhny,62.0961,77.475,62.65,60,100,7.4,RU,1691521411
261,ankang,32.68,109.0172,76.98,87,50,3.44,CN,1691521411
262,amahai,-3.3333,128.9167,75.56,86,45,8.9,ID,1691521411
263,weno,7.4515,151.8468,83.43,77,82,14.65,FM,1691521374
264,arno,60.1167,18.6333,58.78,76,43,23.13,SE,1691521411
265,kawerau,-38.1,176.7,35.38,98,16,3.42,NZ,1691521411
266,olinda,-8.0089,-34.8553,82.13,65,75,11.5,BR,1691521250
267,grande prairie,55.1667,-118.8027,62.78,82,100,2.3,CA,1691521217
268,greenville,35.6127,-77.3663,90.12,59,0,9.22,US,1691521176
269,afaahiti,-17.75,-149.2833,78.67,78,100,9.48,PF,1691521365
270,sitka,57.0531,-135.33,61.07,83,84,4.47,US,1691521209
271,severo-yeniseyskiy,60.3725,93.0408,52.92,96,99,3.94,RU,1691521412
272,badger,64.8,-147.5333,70.12,80,75,1.01,US,1691521412
273,qashar,53.3906,62.9297,62.38,97,100,12.66,KZ,1691521412
274,qaqortoq,60.7167,-46.0333,44.74,78,6,6.53,GL,1691521413
275,hobyo,5.3505,48.5268,76.64,81,37,27.76,SO,1691521413
276,jacmel,18.2342,-72.5347,91.24,69,28,7.14,HT,1691521159
277,dryden,49.7833,-92.7503,66.49,77,100,12.66,CA,1691521413
278,egilsstadir,65.2653,-14.3948,51.71,54,0,13.8,IS,1691521413
279,isetskoye,56.4858,65.3226,64.42,69,100,6.26,RU,1691521413
280,altrip,49.4356,8.4947,68.02,61,0,6.91,DE,1691521413
281,rampachodavaram,17.45,81.7667,77.7,82,100,4.03,IN,1691521413
282,luebo,-5.35,21.4167,81.48,43,61,2.44,CD,1691521413
283,neryungri,56.6709,124.6491,55.92,79,97,2.93,RU,1691521414
284,coahuayana de hidalgo,18.7,-103.6583,93.42,58,64,5.82,MX,1691521414
285,bilibino,68.0546,166.4372,40.48,53,100,5.84,RU,1691521414
286,glace bay,46.1969,-59.957,68.79,88,75,14.97,CA,1691521414
287,brookhaven,31.5791,-90.4407,89.26,85,100,8.52,US,1691521382
288,velingara,13.15,-14.1167,84.11,75,98,3.76,SN,1691521414
289,ca mau,9.1769,105.15,79.02,85,0,4.0,VN,1691521414
290,ust-nera,64.5667,143.2,52.52,64,93,2.62,RU,1691521415
291,aktau,43.65,51.2,82.98,57,0,9.46,KZ,1691521415
292,nantucket,41.2835,-70.0995,78.85,94,100,13.8,US,1691521357
293,bengkulu,-3.8004,102.2655,74.97,93,23,6.6,ID,1691521415
294,puerto baquerizo moreno,-0.9,-89.6,81.59,65,75,13.8,EC,1691521415
295,malvan,16.0667,73.4667,79.21,85,88,8.72,IN,1691521415
296,chadron,42.8294,-102.9999,74.95,64,0,4.61,US,1691521416
297,sandy,40.572,-111.8606,80.65,41,0,11.5,US,1691521247
298,waingapu,-9.6567,120.2641,72.14,85,11,10.33,ID,1691521416
299,san francisco de la paz,14.9,-86.2,86.76,48,44,3.65,HN,1691521416
300,neiafu,-18.65,-173.9833,77.68,100,75,6.91,TO,1691521416
301,cabo san lucas,22.8909,-109.9124,97.9,49,20,16.11,MX,1691521416
302,gamay,12.3854,125.2979,80.58,82,74,8.37,PH,1691521416
303,agua prieta,31.3,-109.5667,91.99,40,0,4.61,MX,1691521416
304,kasungu,-13.0333,33.4833,62.65,57,5,7.29,MW,1691521417
305,la'ie,21.6477,-157.9253,84.16,74,17,4.0,US,1691521417
306,haiku-pauwela,20.9219,-156.3051,81.18,66,33,17.0,US,1691521417
307,mirny,62.5353,113.9611,64.24,59,67,1.99,RU,1691521362
308,fort bragg,35.139,-79.006,90.95,57,67,11.52,US,1691521336
309,santo antonio da platina,-23.295,-50.0772,68.29,65,98,14.34,BR,1691521417
310,kavieng,-2.5744,150.7967,79.41,83,52,11.18,PG,1691521417
311,vanimo,-2.6741,141.3028,75.34,90,21,4.83,PG,1691521417
312,kalianget,-7.05,113.9333,78.1,72,5,13.71,ID,1691521417
313,kenai,60.5544,-151.2583,60.89,87,75,9.22,US,1691521417
314,vilyuysk,63.7553,121.6247,56.08,57,0,5.66,RU,1691521360
315,wenling,28.3669,121.36,80.06,89,53,3.8,CN,1691521417
316,huayin,34.5675,110.0921,76.98,71,3,7.49,CN,1691521418
317,tofol,5.3248,163.0078,80.35,82,100,10.02,FM,1691521418
318,urangan,-25.3,152.9,61.56,77,24,10.0,AU,1691521418
319,krasnovishersk,60.4078,57.082,62.29,80,6,3.62,RU,1691521418
320,tosno,59.54,30.8775,67.71,59,90,2.8,RU,1691521418
321,koster,-25.863,26.8976,48.9,24,3,0.6,ZA,1691521418
322,badr hunayn,23.7829,38.7905,88.56,35,0,0.76,SA,1691521418
323,tangalle,6.024,80.7911,80.76,89,100,9.82,LK,1691521418
324,laguna,38.421,-121.4238,89.08,47,0,10.36,US,1691521407
325,teknaf,20.8624,92.3058,78.53,92,100,7.05,BD,1691521419
326,khandyga,62.6667,135.6,49.39,74,100,2.06,RU,1691521419
327,floro,61.5996,5.0328,52.97,93,75,17.27,NO,1691521419
328,naze,28.3667,129.4833,77.92,93,100,26.98,JP,1691521419
329,anchau,10.9597,8.3916,70.32,96,47,5.59,NG,1691521419
330,utrik,11.2278,169.8474,83.14,74,54,15.12,MH,1691521419
331,kudahuvadhoo,2.6708,72.8944,81.57,76,100,4.99,MV,1691521420
332,luwuk,-0.9516,122.7875,75.65,89,97,4.0,ID,1691521420
333,ishigaki,24.3448,124.1572,80.73,100,75,3.44,JP,1691521420
334,inirida,3.8653,-67.9239,91.0,53,40,2.15,CO,1691521420
335,whistler,50.1164,-122.9695,61.72,83,100,5.1,CA,1691521221
336,mumbwa,-14.9783,27.0619,67.14,39,8,7.18,ZM,1691521420
337,kerikeri,-35.2268,173.9474,43.18,92,22,3.91,NZ,1691521420
338,nizhniy kuranakh,58.8353,125.4869,59.58,76,96,3.06,RU,1691521420
339,saynshand,44.8824,110.1163,71.2,50,75,8.61,MN,1691521421
340,pizarro,4.9533,-77.366,83.14,78,100,8.03,CO,1691521421
341,toliara,-23.35,43.6667,70.14,78,91,3.22,MG,1691521421
342,port mathurin,-19.6833,63.4167,72.39,70,5,22.48,MU,1691521421
343,la sarre,48.8002,-79.1996,77.29,38,62,7.23,CA,1691521421
344,male,4.1748,73.5089,84.15,89,75,9.22,MV,1691521421
345,guerrero negro,27.9769,-114.0611,84.51,61,97,13.56,MX,1691521422
346,westport,41.1415,-73.3579,82.78,65,40,14.97,US,1691521411
347,uturoa,-16.7333,-151.4333,78.12,78,100,2.8,PF,1691521406
348,ocean city,39.2776,-74.5746,79.05,63,48,11.99,US,1691521422
349,pimentel,-6.8367,-79.9342,77.29,65,20,16.11,PE,1691521422
350,tres palos,18.1833,-101.6167,95.25,45,7,3.85,MX,1691521423
351,suva,-18.1416,178.4415,72.88,88,75,4.61,FJ,1691521423
352,cabinda,-5.55,12.2,75.34,83,0,4.61,AO,1691521423
353,reggane,26.7158,0.1714,104.5,10,0,11.16,DZ,1691521423
354,urengoy,65.9667,78.3667,58.91,65,24,3.78,RU,1691521423
355,la ronge,55.1001,-105.2842,61.05,67,75,6.91,CA,1691521407
356,taltal,-25.4,-70.4833,64.0,70,94,6.51,CL,1691521284
357,kapuskasing,49.4169,-82.4331,73.49,64,75,4.61,CA,1691521414
358,mino,34.8269,135.4706,82.83,71,100,13.8,JP,1691521424
359,souillac,-20.5167,57.5167,71.98,78,40,10.36,MU,1691521265
360,essaouira,31.5125,-9.77,78.3,89,20,10.36,MA,1691521424
361,tabas,33.5959,56.9244,93.42,21,0,11.5,IR,1691521424
362,noumea,-22.2763,166.4572,68.0,99,84,7.96,NC,1691521205
363,kaa-khem,51.6833,94.7333,66.33,67,100,2.51,RU,1691521424
364,moroni,-11.7022,43.2551,75.92,79,11,13.27,KM,1691521424
365,ha tien,10.3833,104.4833,81.57,79,48,11.39,VN,1691521424
366,brisas de zicatela,15.8369,-97.0419,90.12,51,0,6.91,MX,1691521425
367,sao felix do xingu,-6.6447,-51.995,101.7,19,10,4.05,BR,1691521425
368,tolanaro,-25.0319,46.9987,68.07,88,40,11.5,MG,1691521425
369,bakanas,44.8081,76.2772,77.77,38,97,7.67,KZ,1691521425
370,yerofey pavlovich,53.9667,121.9667,56.01,64,100,2.26,RU,1691521425
371,yunfu,22.9306,112.0373,78.55,87,74,3.02,CN,1691521425
372,maues,-3.3836,-57.7186,100.29,26,79,3.4,BR,1691521426
373,kolobrzeg,54.1757,15.5834,59.16,79,100,23.26,PL,1691521426
374,jiuquan,39.7432,98.5174,80.89,34,100,2.04,CN,1691521426
375,alice springs,-23.7,133.8833,44.15,70,0,0.0,AU,1691521426
376,santyoku,37.4406,129.1708,73.13,95,100,13.22,KR,1691521426
377,al jawf,29.5,38.75,88.41,15,0,7.52,SA,1691521427
378,praia da vitoria,38.7333,-27.0667,80.85,74,20,10.09,PT,1691521427
379,esparragal,38.0333,-1.0833,84.51,68,6,5.99,ES,1691521427
380,banepa,27.6298,85.5214,70.12,94,75,0.0,NP,1691521427
381,madalena,41.2162,-8.3345,82.76,58,0,4.88,PT,1691521427
382,palikir - national government center,6.9248,158.1611,75.94,94,100,0.0,FM,1691521427
383,lautoka,-17.6167,177.4667,71.46,88,75,5.75,FJ,1691521427
384,flying fish cove,-10.4217,105.6791,74.88,88,100,11.5,CX,1691521427
385,pandan,14.0453,124.1694,81.43,84,63,7.56,PH,1691521427
386,ceeldheer,3.8488,47.1806,76.06,82,25,19.98,SO,1691521427
387,peace river,56.2501,-117.286,62.91,82,100,5.75,CA,1691521427
388,griffith,41.5284,-87.4237,86.9,52,75,8.05,US,1691521208
389,carutapera,-1.195,-46.02,81.07,82,38,10.87,BR,1691521428
390,merizo village,13.2658,144.6691,79.36,97,100,14.43,GU,1691521428
391,kirakira,-10.4544,161.9205,76.84,89,100,7.99,SB,1691521428
392,sola,-13.8833,167.55,76.51,84,100,20.56,VU,1691521423
393,zhuji,29.7188,120.2423,76.95,97,1,2.28,CN,1691521428
394,lazaro cardenas,17.9583,-102.2,90.01,64,5,10.49,MX,1691521428
395,edeia,-17.3383,-49.9314,93.47,16,0,6.87,BR,1691521428
396,umluj,25.0213,37.2685,90.36,54,0,4.88,SA,1691521429
397,sabancuy,18.9667,-91.1833,92.75,54,13,8.41,MX,1691521429
398,sao gabriel da cachoeira,-0.1303,-67.0892,87.6,74,40,4.61,BR,1691521429
399,kuusamo,65.9667,29.1833,67.8,89,0,10.11,FI,1691521429
400,jiagedaqi,50.4167,124.1167,57.4,97,100,5.32,CN,1691521429
401,cadale,2.7603,46.3222,76.73,83,73,20.38,SO,1691521429
402,port lincoln,-34.7333,135.8667,54.79,41,0,17.34,AU,1691521429
403,howrah,22.5892,88.3103,80.6,89,75,3.44,IN,1691521369
404,broome,42.2506,-75.833,66.61,88,100,9.22,US,1691521429
405,al matlin,37.2452,10.05,74.79,55,0,7.54,TN,1691521429
406,yuzhno-kurilsk,44.0306,145.8556,63.09,100,100,6.04,RU,1691521429
407,monroeville,40.4212,-79.7881,82.78,50,40,11.5,US,1691521429
408,quellon,-43.1167,-73.6167,52.05,87,100,8.05,CL,1691521218
409,cassilandia,-19.1133,-51.7342,94.89,18,0,7.7,BR,1691521430
410,novodvinsk,64.4165,40.8122,59.72,84,5,5.14,RU,1691521370
411,susuman,62.7833,148.1667,44.1,61,85,0.96,RU,1691521430
412,dakhla,23.6848,-15.958,75.22,78,0,18.41,EH,1691521422
413,bratsk,56.1325,101.6142,59.49,98,41,2.19,RU,1691521430
414,pangai,-19.8,-174.35,75.31,100,75,3.44,TO,1691521430
415,tobelo,1.7284,128.0095,77.5,81,100,8.59,ID,1691521430
416,taoudenni,22.6783,-3.9836,110.16,8,0,15.19,ML,1691521430
417,hammerfest,70.6634,23.6821,77.45,65,0,5.75,NO,1691521369
418,bayanhongor,46.7167,100.1167,61.34,46,100,4.14,MN,1691521349
419,pangkalanbuun,-2.6833,111.6167,72.61,90,100,2.68,ID,1691521430
420,rabaul,-4.1967,152.1721,78.1,83,99,16.46,PG,1691521430
421,herat,34.5,62.0,80.69,23,0,24.29,AF,1691521237
422,puerto deseado,-47.7503,-65.8938,54.23,48,7,28.88,AR,1691521430
423,horta,38.5333,-28.6333,75.02,87,75,15.99,PT,1691521430
424,greencastle,39.6445,-86.8647,82.11,71,75,5.75,US,1691521430
425,zheleznogorsk-ilimskiy,56.5768,104.1217,59.29,97,29,1.61,RU,1691521430
426,cape coast,5.1053,-1.2466,75.85,91,93,13.49,GH,1691521431
427,vyazemskiy,47.5378,134.7525,64.98,90,100,6.64,RU,1691521431
428,lauro de freitas,-12.8944,-38.3272,82.42,57,20,6.91,BR,1691521243
429,mogoytuy,51.2833,114.9167,57.18,71,12,1.23,RU,1691521431
430,happy valley-goose bay,53.3168,-60.3315,66.51,68,75,8.05,CA,1691521422
431,mata-utu,-13.2816,-176.1745,81.72,79,8,8.34,WF,1691521431
432,gwangju,35.1547,126.9156,76.28,92,87,4.65,KR,1691521431
433,obala,4.1667,11.5333,71.47,95,100,3.87,CM,1691521431
434,new norfolk,-42.7826,147.0587,38.71,97,33,3.11,AU,1691521431
435,pallasovka,50.05,46.8833,81.82,33,18,8.61,RU,1691521431
436,troitskoye,52.9821,84.6757,60.44,56,7,1.59,RU,1691521431
437,umm kaddadah,13.6017,26.6876,85.37,49,15,3.96,SD,1691521432
438,the dalles,45.5946,-121.1787,88.14,40,0,9.22,US,1691521433
439,prince rupert,54.3161,-130.3201,59.09,98,100,14.97,CA,1691521156
440,thohoyandou,-22.9456,30.485,59.99,43,0,0.34,ZA,1691521433
441,uyuni,-20.4597,-66.825,52.14,20,0,14.03,BO,1691521433
442,akonolinga,3.7667,12.25,68.36,99,98,3.53,CM,1691521433
443,ruteng,-8.6136,120.4721,55.87,87,41,1.19,ID,1691521433
444,palu,-0.8917,119.8707,75.09,94,58,3.4,ID,1691521433
445,plettenberg bay,-34.0527,23.3716,56.86,86,85,3.6,ZA,1691521362
446,mount gambier,-37.8333,140.7667,42.66,75,0,9.31,AU,1691521434
447,selfoss,63.9331,-20.9971,57.04,72,100,3.0,IS,1691521434
448,copala,16.65,-98.9833,90.5,59,7,8.23,MX,1691521434
449,fortuna,40.5982,-124.1573,65.66,82,40,14.97,US,1691521434
450,kalmunai,7.4167,81.8167,81.05,74,99,3.8,LK,1691521434
451,marsh harbour,26.5412,-77.0636,87.01,68,38,11.1,BS,1691521434
452,pacific grove,36.6177,-121.9166,69.39,80,20,15.01,US,1691521285
453,zhangye,38.9342,100.4517,82.8,39,77,3.47,CN,1691521434
454,bat khela,34.6167,71.9714,80.87,58,0,6.85,PK,1691521434
455,kolonia town,6.964,158.206,77.0,94,100,0.0,FM,1691521434
456,chegdomyn,51.1167,133.0167,62.1,58,100,1.72,RU,1691521434
457,mogocha,53.7333,119.7667,58.68,64,99,1.21,RU,1691521435
458,ust'-ilimsk,58.0006,102.6619,59.52,96,3,0.96,RU,1691521435
459,tadine,-21.55,167.8833,64.15,73,57,12.82,NC,1691521435
460,kurumkan,54.3,110.3,63.32,67,100,3.11,RU,1691521436
461,chiconcuac,19.55,-98.9,77.97,35,24,5.39,MX,1691521436
462,lawas,13.764,121.0566,83.98,84,100,11.86,PH,1691521436
463,maitum,6.0392,124.4986,77.92,85,100,3.51,PH,1691521436
464,bardsir,29.9227,56.5743,76.01,30,38,1.7,IR,1691521436
465,rio verde de mato grosso,-18.9181,-54.8442,97.5,18,0,4.74,BR,1691521436
466,thanh hoa,19.8,105.7667,77.2,86,100,4.09,VN,1691521436
467,el granada,37.5027,-122.4694,84.45,69,0,14.97,US,1691521426
468,jimbolia,45.7914,20.7172,71.08,49,16,3.69,RO,1691521437
469,n'dalatando,-9.2978,14.9116,72.16,55,0,6.96,AO,1691521437
470,sinabang,2.4803,96.3801,78.96,80,96,3.06,ID,1691521437
471,oboyan',51.2098,36.2792,63.9,63,0,5.46,RU,1691521437
472,tuam,53.5167,-8.85,63.23,83,75,2.91,IE,1691521437
473,labasa,-16.4167,179.3833,73.22,89,27,4.03,FJ,1691521438
474,saeby,57.3319,10.5225,51.96,82,100,34.43,DK,1691521438
475,general pico,-35.6566,-63.7568,57.88,35,100,14.07,AR,1691521296
476,christchurch,-43.5333,172.6333,32.95,84,13,2.3,NZ,1691521415
477,igarka,67.4667,86.5833,61.47,59,100,5.44,RU,1691521410
478,manta,-0.95,-80.7333,87.58,78,40,17.0,EC,1691521438
479,begun,24.9833,75.0,76.62,80,100,11.79,IN,1691521438
480,itoman,26.1247,127.6694,80.98,94,100,20.71,JP,1691521438
481,fort st. john,56.2499,-120.8529,64.29,77,75,9.22,CA,1691521376
482,kanash,55.5086,47.4956,64.65,64,0,8.57,RU,1691521438
483,fisterra,42.9049,-9.2629,74.75,74,0,1.9,ES,1691521438
484,whakatane,-37.9585,176.9854,35.78,99,25,6.04,NZ,1691521438
485,belinskiy,52.9647,43.4165,74.43,53,100,7.56,RU,1691521438
486,palapag,12.5458,125.1147,80.69,82,47,10.0,PH,1691521438
487,zhanibek,49.4167,46.85,85.64,27,41,10.4,KZ,1691521439
488,port-vila,-17.7338,168.3219,67.6,94,100,6.91,VU,1691521291
489,santa elena de uairen,4.6167,-61.1333,78.4,69,26,7.67,VE,1691521439
490,cayambe,0.05,-78.1333,67.26,59,100,9.06,EC,1691521439
491,el salto,20.3333,-104.5,85.3,41,6,2.68,MX,1691521440
492,kingston,17.997,-76.7936,92.35,67,20,23.02,JM,1691521406
493,la serena,-29.9078,-71.2542,62.11,72,75,8.05,CL,1691521440
494,tukrah,32.5341,20.5791,79.57,64,0,15.28,LY,1691521440
495,katsuura,35.1333,140.3,78.76,93,100,10.11,JP,1691521440
496,molde,62.7375,7.1591,58.71,88,75,3.44,NO,1691521441
497,darovskoy,58.77,47.9564,57.06,95,0,4.5,RU,1691521441
498,west plains,36.7281,-91.8524,86.9,42,0,6.91,US,1691521441
499,shabqadar,34.2139,71.5552,86.22,52,0,1.34,PK,1691521441
500,sur,22.5667,59.5289,87.89,57,6,14.52,OM,1691521442
501,malango,-2.9627,119.9001,64.04,98,31,1.77,ID,1691521442
502,mineros,-17.1167,-63.2333,92.52,24,0,5.39,BO,1691521443
503,turochak,52.2576,87.1224,56.17,93,97,2.08,RU,1691521443
504,sidi okba,34.7451,5.8983,102.49,19,0,4.61,DZ,1691521444
505,cabedelo,-6.9811,-34.8339,81.27,77,77,11.95,BR,1691521444
506,el calafate,-50.3408,-72.2768,37.11,93,57,5.17,AR,1691521445
507,arraial do cabo,-22.9661,-42.0278,73.26,83,75,10.36,BR,1691521445
508,strezhevoy,60.7333,77.5889,61.36,63,98,6.31,RU,1691521445
509,orsa,54.5153,30.4053,57.2,85,70,4.5,BY,1691521446
510,dunedin,-45.8742,170.5036,44.8,66,100,5.99,NZ,1691521227
511,bueng kan,18.363,103.6519,77.92,98,100,3.49,TH,1691521446
512,acapulco de juarez,16.8634,-99.8901,89.42,70,20,8.05,MX,1691521388
513,chany,55.3121,76.7647,61.29,68,39,4.7,RU,1691521446
514,new prague,44.5433,-93.5761,83.95,51,0,7.58,US,1691521447
515,touros,-5.1989,-35.4608,81.07,67,99,14.07,BR,1691521447
516,veraval,20.9,70.3667,80.49,84,100,16.96,IN,1691521447
517,yaren,-0.5472,166.916,81.09,75,100,5.88,NR,1691521447
518,gizo,-8.103,156.8419,78.71,85,97,15.52,SB,1691521448
519,suntar,62.1444,117.6319,63.63,64,12,6.31,RU,1691521448
520,kidal,18.4411,1.4078,89.02,43,97,17.2,ML,1691521434
521,coronel suarez,-37.4547,-61.9334,53.69,38,81,15.32,AR,1691521448
522,villa la venta,18.1,-94.05,89.85,62,8,5.68,MX,1691521448
523,alaminos,14.0639,121.2465,82.4,96,98,3.65,PH,1691521448
524,arvika,59.6553,12.5852,57.81,98,100,7.31,SE,1691521449
525,murun-kuren,49.6342,100.1625,61.12,86,100,6.55,MN,1691521449
526,wellington,-41.2866,174.7756,38.86,98,7,6.91,NZ,1691521230
527,batticaloa,7.7102,81.6924,81.57,69,100,4.94,LK,1691521449
528,daulatpur,26.5015,67.9706,93.49,52,70,8.77,PK,1691521450
529,yeniseysk,58.4497,92.1703,55.53,96,73,1.1,RU,1691521450
530,itaituba,-4.2761,-55.9836,96.96,49,40,5.75,BR,1691521450
531,elliot,-31.3333,27.85,47.14,89,33,3.91,ZA,1691521451
532,chinde,26.8418,88.0763,66.78,98,100,3.67,NP,1691521451
533,imbituba,-28.24,-48.6703,62.58,66,100,5.53,BR,1691521368
534,niemodlin,50.642,17.6193,58.24,31,100,6.11,PL,1691521451
535,tezpur,26.6333,92.8,76.46,98,100,5.08,IN,1691521451
536,saint-francois,46.4154,3.9054,72.84,43,0,3.44,FR,1691521426
537,ketchikan,55.3422,-131.6461,61.27,88,100,9.22,US,1691521451
538,saint-philippe,-21.3585,55.7679,67.59,76,35,8.86,RE,1691521452
539,rurrenabaque,-14.4413,-67.5278,69.69,94,100,4.61,BO,1691521417
540,kapa'a,22.0752,-159.319,85.98,77,100,21.85,US,1691521452
541,gandhinagar,23.2167,72.6833,84.18,74,75,13.8,IN,1691521452
542,kattivakkam,13.2167,80.3167,86.09,79,100,10.07,IN,1691521453
543,grand gaube,-20.0064,57.6608,72.37,68,2,3.0,MU,1691521453
544,vicosa,-20.7539,-42.8819,78.26,42,9,12.1,BR,1691521453
545,eforie sud,44.0229,28.6494,65.21,65,65,12.37,RO,1691521453
546,malyye derbety,47.9547,44.6808,89.4,29,0,11.1,RU,1691521454
547,ryotsu-minato,38.0833,138.4333,82.47,79,95,5.01,JP,1691521454
548,saint-joseph,-21.3667,55.6167,66.58,76,43,6.85,RE,1691521454
549,extrema,-22.8547,-46.3183,67.5,69,44,9.69,BR,1691521454
550,frolovo,49.7713,43.6622,82.33,40,25,6.22,RU,1691521455
551,jaicos,-7.3592,-41.1378,95.16,24,9,9.98,BR,1691521455
552,motueka,-41.1333,173.0167,36.1,89,19,4.74,NZ,1691521455
553,maun,-19.9833,23.4167,71.56,28,0,6.91,BW,1691521455
554,el nido,11.1858,119.3956,81.72,82,16,12.08,PH,1691521455
555,antsiranana,-12.2787,49.2917,72.18,82,17,11.88,MG,1691521456
556,pahlgam,34.0333,75.3333,57.24,76,0,3.13,IN,1691521456
557,klaksvik,62.2266,-6.589,47.32,82,100,28.52,FO,1691521456
558,hasaki,35.7333,140.8333,81.3,94,100,11.25,JP,1691521456
559,acara,-1.9608,-48.1967,88.03,58,90,2.26,BR,1691521457
560,mercedes,-34.6515,-59.4307,58.95,43,99,9.55,AR,1691521457
561,lata,40.1629,-8.3327,80.92,59,0,4.07,PT,1691521432
562,moyynkum,44.2914,72.9469,76.64,47,2,10.8,KZ,1691521457
563,eisen,36.8217,128.6308,72.82,93,82,4.34,KR,1691521458
564,mana,5.6592,-53.7767,83.68,73,98,9.46,GF,1691521418
565,kone,-21.0595,164.8658,58.62,88,3,4.5,NC,1691521458
566,akureyri,65.6835,-18.0878,58.93,51,40,16.11,IS,1691521308
